{
  "version": "22.0.0",
  "files": {
    "a88f9f77a1e0eab76c5cbe7077dfa183d56a20dc12d9e7d84a027e9303b820dc": {
      "source": {
        "path": "asset.a88f9f77a1e0eab76c5cbe7077dfa183d56a20dc12d9e7d84a027e9303b820dc.zip",
        "packaging": "file"
      },
      "destinations": {
        "current_account-current_region": {
          "bucketName": "cdk-hnb659fds-assets-${AWS::AccountId}-${AWS::Region}",
          "objectKey": "a88f9f77a1e0eab76c5cbe7077dfa183d56a20dc12d9e7d84a027e9303b820dc.zip",
          "assumeRoleArn": "arn:${AWS::Partition}:iam::${AWS::AccountId}:role/cdk-hnb659fds-file-publishing-role-${AWS::AccountId}-${AWS::Region}"
        }
      }
    },
    "b8013291211ae8de4daaf984036cf456976a4b0e76f7b13cd5ab35176784b432": {
      "source": {
        "path": "tscc-sso-stack.template.json",
        "packaging": "file"
      },
      "destinations": {
        "current_account-current_region": {
          "bucketName": "cdk-hnb659fds-assets-${AWS::AccountId}-${AWS::Region}",
          "objectKey": "b8013291211ae8de4daaf984036cf456976a4b0e76f7b13cd5ab35176784b432.json",
          "assumeRoleArn": "arn:${AWS::Partition}:iam::${AWS::AccountId}:role/cdk-hnb659fds-file-publishing-role-${AWS::AccountId}-${AWS::Region}"
        }
      }
    }
  },
  "dockerImages": {}
}