{
  "version": "22.0.0",
  "files": {
    "3f51abb709b8e65167a45aeed02bab11540603d909005d7148230ba5ce6c74d7": {
      "source": {
        "path": "asset.3f51abb709b8e65167a45aeed02bab11540603d909005d7148230ba5ce6c74d7",
        "packaging": "zip"
      },
      "destinations": {
        "current_account-current_region": {
          "bucketName": "cdk-hnb659fds-assets-${AWS::AccountId}-${AWS::Region}",
          "objectKey": "3f51abb709b8e65167a45aeed02bab11540603d909005d7148230ba5ce6c74d7.zip",
          "assumeRoleArn": "arn:${AWS::Partition}:iam::${AWS::AccountId}:role/cdk-hnb659fds-file-publishing-role-${AWS::AccountId}-${AWS::Region}"
        }
      }
    },
    "5d8d1d0aacea23824c62f362e1e3c14b7dd14a31c71b53bfae4d14a6373c5510": {
      "source": {
        "path": "asset.5d8d1d0aacea23824c62f362e1e3c14b7dd14a31c71b53bfae4d14a6373c5510.zip",
        "packaging": "file"
      },
      "destinations": {
        "current_account-current_region": {
          "bucketName": "cdk-hnb659fds-assets-${AWS::AccountId}-${AWS::Region}",
          "objectKey": "5d8d1d0aacea23824c62f362e1e3c14b7dd14a31c71b53bfae4d14a6373c5510.zip",
          "assumeRoleArn": "arn:${AWS::Partition}:iam::${AWS::AccountId}:role/cdk-hnb659fds-file-publishing-role-${AWS::AccountId}-${AWS::Region}"
        }
      }
    },
    "2bc265c5e0569aeb24a6349c15bd54e76e845892376515e036627ab0cc70bb64": {
      "source": {
        "path": "asset.2bc265c5e0569aeb24a6349c15bd54e76e845892376515e036627ab0cc70bb64",
        "packaging": "zip"
      },
      "destinations": {
        "current_account-current_region": {
          "bucketName": "cdk-hnb659fds-assets-${AWS::AccountId}-${AWS::Region}",
          "objectKey": "2bc265c5e0569aeb24a6349c15bd54e76e845892376515e036627ab0cc70bb64.zip",
          "assumeRoleArn": "arn:${AWS::Partition}:iam::${AWS::AccountId}:role/cdk-hnb659fds-file-publishing-role-${AWS::AccountId}-${AWS::Region}"
        }
      }
    },
    "7d67bea6e3a37ffb5ad4000e771f248b5daece7d815ca82e0c8999cf5172942d": {
      "source": {
        "path": "asset.7d67bea6e3a37ffb5ad4000e771f248b5daece7d815ca82e0c8999cf5172942d",
        "packaging": "zip"
      },
      "destinations": {
        "current_account-current_region": {
          "bucketName": "cdk-hnb659fds-assets-${AWS::AccountId}-${AWS::Region}",
          "objectKey": "7d67bea6e3a37ffb5ad4000e771f248b5daece7d815ca82e0c8999cf5172942d.zip",
          "assumeRoleArn": "arn:${AWS::Partition}:iam::${AWS::AccountId}:role/cdk-hnb659fds-file-publishing-role-${AWS::AccountId}-${AWS::Region}"
        }
      }
    },
    "dd757398c3cbd183fddc408f560f7526d8948e02f1e7bf05cb96822ce526aba8": {
      "source": {
        "path": "tscc-web-app-stack-1.template.json",
        "packaging": "file"
      },
      "destinations": {
        "current_account-current_region": {
          "bucketName": "cdk-hnb659fds-assets-${AWS::AccountId}-${AWS::Region}",
          "objectKey": "dd757398c3cbd183fddc408f560f7526d8948e02f1e7bf05cb96822ce526aba8.json",
          "assumeRoleArn": "arn:${AWS::Partition}:iam::${AWS::AccountId}:role/cdk-hnb659fds-file-publishing-role-${AWS::AccountId}-${AWS::Region}"
        }
      }
    }
  },
  "dockerImages": {}
}