{
  "version": "22.0.0",
  "files": {
    "3f51abb709b8e65167a45aeed02bab11540603d909005d7148230ba5ce6c74d7": {
      "source": {
        "path": "asset.3f51abb709b8e65167a45aeed02bab11540603d909005d7148230ba5ce6c74d7",
        "packaging": "zip"
      },
      "destinations": {
        "current_account-current_region": {
          "bucketName": "cdk-hnb659fds-assets-${AWS::AccountId}-${AWS::Region}",
          "objectKey": "3f51abb709b8e65167a45aeed02bab11540603d909005d7148230ba5ce6c74d7.zip",
          "assumeRoleArn": "arn:${AWS::Partition}:iam::${AWS::AccountId}:role/cdk-hnb659fds-file-publishing-role-${AWS::AccountId}-${AWS::Region}"
        }
      }
    },
    "5d8d1d0aacea23824c62f362e1e3c14b7dd14a31c71b53bfae4d14a6373c5510": {
      "source": {
        "path": "asset.5d8d1d0aacea23824c62f362e1e3c14b7dd14a31c71b53bfae4d14a6373c5510.zip",
        "packaging": "file"
      },
      "destinations": {
        "current_account-current_region": {
          "bucketName": "cdk-hnb659fds-assets-${AWS::AccountId}-${AWS::Region}",
          "objectKey": "5d8d1d0aacea23824c62f362e1e3c14b7dd14a31c71b53bfae4d14a6373c5510.zip",
          "assumeRoleArn": "arn:${AWS::Partition}:iam::${AWS::AccountId}:role/cdk-hnb659fds-file-publishing-role-${AWS::AccountId}-${AWS::Region}"
        }
      }
    },
    "2bc265c5e0569aeb24a6349c15bd54e76e845892376515e036627ab0cc70bb64": {
      "source": {
        "path": "asset.2bc265c5e0569aeb24a6349c15bd54e76e845892376515e036627ab0cc70bb64",
        "packaging": "zip"
      },
      "destinations": {
        "current_account-current_region": {
          "bucketName": "cdk-hnb659fds-assets-${AWS::AccountId}-${AWS::Region}",
          "objectKey": "2bc265c5e0569aeb24a6349c15bd54e76e845892376515e036627ab0cc70bb64.zip",
          "assumeRoleArn": "arn:${AWS::Partition}:iam::${AWS::AccountId}:role/cdk-hnb659fds-file-publishing-role-${AWS::AccountId}-${AWS::Region}"
        }
      }
    },
    "f3756554a9fdc197191502dab4a7a4fc314f7f8a5c1eb40f7744f41544af6f07": {
      "source": {
        "path": "asset.f3756554a9fdc197191502dab4a7a4fc314f7f8a5c1eb40f7744f41544af6f07",
        "packaging": "zip"
      },
      "destinations": {
        "current_account-current_region": {
          "bucketName": "cdk-hnb659fds-assets-${AWS::AccountId}-${AWS::Region}",
          "objectKey": "f3756554a9fdc197191502dab4a7a4fc314f7f8a5c1eb40f7744f41544af6f07.zip",
          "assumeRoleArn": "arn:${AWS::Partition}:iam::${AWS::AccountId}:role/cdk-hnb659fds-file-publishing-role-${AWS::AccountId}-${AWS::Region}"
        }
      }
    },
    "07e2eed46195367550fd7e5dd9b823d1820b06560f7875efc2edd2bc26da8012": {
      "source": {
        "path": "asset.07e2eed46195367550fd7e5dd9b823d1820b06560f7875efc2edd2bc26da8012.zip",
        "packaging": "file"
      },
      "destinations": {
        "current_account-current_region": {
          "bucketName": "cdk-hnb659fds-assets-${AWS::AccountId}-${AWS::Region}",
          "objectKey": "07e2eed46195367550fd7e5dd9b823d1820b06560f7875efc2edd2bc26da8012.zip",
          "assumeRoleArn": "arn:${AWS::Partition}:iam::${AWS::AccountId}:role/cdk-hnb659fds-file-publishing-role-${AWS::AccountId}-${AWS::Region}"
        }
      }
    },
    "4d669ef7245e4b4031d7dc2bd9ee653776e7d923bfc7db45838c075d4eca207c": {
      "source": {
        "path": "tscc-web-app-stack.template.json",
        "packaging": "file"
      },
      "destinations": {
        "current_account-current_region": {
          "bucketName": "cdk-hnb659fds-assets-${AWS::AccountId}-${AWS::Region}",
          "objectKey": "4d669ef7245e4b4031d7dc2bd9ee653776e7d923bfc7db45838c075d4eca207c.json",
          "assumeRoleArn": "arn:${AWS::Partition}:iam::${AWS::AccountId}:role/cdk-hnb659fds-file-publishing-role-${AWS::AccountId}-${AWS::Region}"
        }
      }
    }
  },
  "dockerImages": {}
}