{
  "version": "22.0.0",
  "files": {
    "3f51abb709b8e65167a45aeed02bab11540603d909005d7148230ba5ce6c74d7": {
      "source": {
        "path": "asset.3f51abb709b8e65167a45aeed02bab11540603d909005d7148230ba5ce6c74d7",
        "packaging": "zip"
      },
      "destinations": {
        "current_account-current_region": {
          "bucketName": "cdk-hnb659fds-assets-${AWS::AccountId}-${AWS::Region}",
          "objectKey": "3f51abb709b8e65167a45aeed02bab11540603d909005d7148230ba5ce6c74d7.zip",
          "assumeRoleArn": "arn:${AWS::Partition}:iam::${AWS::AccountId}:role/cdk-hnb659fds-file-publishing-role-${AWS::AccountId}-${AWS::Region}"
        }
      }
    },
    "5d8d1d0aacea23824c62f362e1e3c14b7dd14a31c71b53bfae4d14a6373c5510": {
      "source": {
        "path": "asset.5d8d1d0aacea23824c62f362e1e3c14b7dd14a31c71b53bfae4d14a6373c5510.zip",
        "packaging": "file"
      },
      "destinations": {
        "current_account-current_region": {
          "bucketName": "cdk-hnb659fds-assets-${AWS::AccountId}-${AWS::Region}",
          "objectKey": "5d8d1d0aacea23824c62f362e1e3c14b7dd14a31c71b53bfae4d14a6373c5510.zip",
          "assumeRoleArn": "arn:${AWS::Partition}:iam::${AWS::AccountId}:role/cdk-hnb659fds-file-publishing-role-${AWS::AccountId}-${AWS::Region}"
        }
      }
    },
    "2bc265c5e0569aeb24a6349c15bd54e76e845892376515e036627ab0cc70bb64": {
      "source": {
        "path": "asset.2bc265c5e0569aeb24a6349c15bd54e76e845892376515e036627ab0cc70bb64",
        "packaging": "zip"
      },
      "destinations": {
        "current_account-current_region": {
          "bucketName": "cdk-hnb659fds-assets-${AWS::AccountId}-${AWS::Region}",
          "objectKey": "2bc265c5e0569aeb24a6349c15bd54e76e845892376515e036627ab0cc70bb64.zip",
          "assumeRoleArn": "arn:${AWS::Partition}:iam::${AWS::AccountId}:role/cdk-hnb659fds-file-publishing-role-${AWS::AccountId}-${AWS::Region}"
        }
      }
    },
    "7f425b7a0fca210835d1be07fd0631088de6021683bc60a33a5f31ea28e90929": {
      "source": {
        "path": "asset.7f425b7a0fca210835d1be07fd0631088de6021683bc60a33a5f31ea28e90929",
        "packaging": "zip"
      },
      "destinations": {
        "current_account-current_region": {
          "bucketName": "cdk-hnb659fds-assets-${AWS::AccountId}-${AWS::Region}",
          "objectKey": "7f425b7a0fca210835d1be07fd0631088de6021683bc60a33a5f31ea28e90929.zip",
          "assumeRoleArn": "arn:${AWS::Partition}:iam::${AWS::AccountId}:role/cdk-hnb659fds-file-publishing-role-${AWS::AccountId}-${AWS::Region}"
        }
      }
    },
    "ac42f6b3dc55cb0c80be3d8231694561d87c521556b873b8dd915037121d5872": {
      "source": {
        "path": "tscc-web-app-stack.template.json",
        "packaging": "file"
      },
      "destinations": {
        "current_account-current_region": {
          "bucketName": "cdk-hnb659fds-assets-${AWS::AccountId}-${AWS::Region}",
          "objectKey": "ac42f6b3dc55cb0c80be3d8231694561d87c521556b873b8dd915037121d5872.json",
          "assumeRoleArn": "arn:${AWS::Partition}:iam::${AWS::AccountId}:role/cdk-hnb659fds-file-publishing-role-${AWS::AccountId}-${AWS::Region}"
        }
      }
    }
  },
  "dockerImages": {}
}