{
  "version": "22.0.0",
  "files": {
    "cac49f03b4775919c0e2326cf889c702c284aac17224bcd5d924bb69b67e1a1b": {
      "source": {
        "path": "asset.cac49f03b4775919c0e2326cf889c702c284aac17224bcd5d924bb69b67e1a1b",
        "packaging": "zip"
      },
      "destinations": {
        "current_account-current_region": {
          "bucketName": "cdk-hnb659fds-assets-${AWS::AccountId}-${AWS::Region}",
          "objectKey": "cac49f03b4775919c0e2326cf889c702c284aac17224bcd5d924bb69b67e1a1b.zip",
          "assumeRoleArn": "arn:${AWS::Partition}:iam::${AWS::AccountId}:role/cdk-hnb659fds-file-publishing-role-${AWS::AccountId}-${AWS::Region}"
        }
      }
    },
    "7bd086a834a695310bb9dbceaf9e69815d0b5bd63d45fb35715f0065420d74da": {
      "source": {
        "path": "asset.7bd086a834a695310bb9dbceaf9e69815d0b5bd63d45fb35715f0065420d74da",
        "packaging": "zip"
      },
      "destinations": {
        "current_account-current_region": {
          "bucketName": "cdk-hnb659fds-assets-${AWS::AccountId}-${AWS::Region}",
          "objectKey": "7bd086a834a695310bb9dbceaf9e69815d0b5bd63d45fb35715f0065420d74da.zip",
          "assumeRoleArn": "arn:${AWS::Partition}:iam::${AWS::AccountId}:role/cdk-hnb659fds-file-publishing-role-${AWS::AccountId}-${AWS::Region}"
        }
      }
    },
    "f8c16196b575a81203cc067987cca49ca5bbe4cb217012adb36210161a97dc4e": {
      "source": {
        "path": "tscc-installation-stack-1.template.json",
        "packaging": "file"
      },
      "destinations": {
        "current_account-current_region": {
          "bucketName": "cdk-hnb659fds-assets-${AWS::AccountId}-${AWS::Region}",
          "objectKey": "f8c16196b575a81203cc067987cca49ca5bbe4cb217012adb36210161a97dc4e.json",
          "assumeRoleArn": "arn:${AWS::Partition}:iam::${AWS::AccountId}:role/cdk-hnb659fds-file-publishing-role-${AWS::AccountId}-${AWS::Region}"
        }
      }
    }
  },
  "dockerImages": {}
}