{
  "version": "22.0.0",
  "files": {
    "5d8d1d0aacea23824c62f362e1e3c14b7dd14a31c71b53bfae4d14a6373c5510": {
      "source": {
        "path": "asset.5d8d1d0aacea23824c62f362e1e3c14b7dd14a31c71b53bfae4d14a6373c5510.zip",
        "packaging": "file"
      },
      "destinations": {
        "current_account-current_region": {
          "bucketName": "cdk-hnb659fds-assets-${AWS::AccountId}-${AWS::Region}",
          "objectKey": "5d8d1d0aacea23824c62f362e1e3c14b7dd14a31c71b53bfae4d14a6373c5510.zip",
          "assumeRoleArn": "arn:${AWS::Partition}:iam::${AWS::AccountId}:role/cdk-hnb659fds-file-publishing-role-${AWS::AccountId}-${AWS::Region}"
        }
      }
    },
    "2bc265c5e0569aeb24a6349c15bd54e76e845892376515e036627ab0cc70bb64": {
      "source": {
        "path": "asset.2bc265c5e0569aeb24a6349c15bd54e76e845892376515e036627ab0cc70bb64",
        "packaging": "zip"
      },
      "destinations": {
        "current_account-current_region": {
          "bucketName": "cdk-hnb659fds-assets-${AWS::AccountId}-${AWS::Region}",
          "objectKey": "2bc265c5e0569aeb24a6349c15bd54e76e845892376515e036627ab0cc70bb64.zip",
          "assumeRoleArn": "arn:${AWS::Partition}:iam::${AWS::AccountId}:role/cdk-hnb659fds-file-publishing-role-${AWS::AccountId}-${AWS::Region}"
        }
      }
    },
    "b5d9e6a22c846f36947e40ca763dc21a30b60c3fe32f82ccdcbd27b9cc6d8c0d": {
      "source": {
        "path": "asset.b5d9e6a22c846f36947e40ca763dc21a30b60c3fe32f82ccdcbd27b9cc6d8c0d",
        "packaging": "zip"
      },
      "destinations": {
        "current_account-current_region": {
          "bucketName": "cdk-hnb659fds-assets-${AWS::AccountId}-${AWS::Region}",
          "objectKey": "b5d9e6a22c846f36947e40ca763dc21a30b60c3fe32f82ccdcbd27b9cc6d8c0d.zip",
          "assumeRoleArn": "arn:${AWS::Partition}:iam::${AWS::AccountId}:role/cdk-hnb659fds-file-publishing-role-${AWS::AccountId}-${AWS::Region}"
        }
      }
    },
    "50978eb2b6cf25cb5cca379f54e981adf8c75af6212b448f3175da1855fb9472": {
      "source": {
        "path": "asset.50978eb2b6cf25cb5cca379f54e981adf8c75af6212b448f3175da1855fb9472.zip",
        "packaging": "file"
      },
      "destinations": {
        "current_account-current_region": {
          "bucketName": "cdk-hnb659fds-assets-${AWS::AccountId}-${AWS::Region}",
          "objectKey": "50978eb2b6cf25cb5cca379f54e981adf8c75af6212b448f3175da1855fb9472.zip",
          "assumeRoleArn": "arn:${AWS::Partition}:iam::${AWS::AccountId}:role/cdk-hnb659fds-file-publishing-role-${AWS::AccountId}-${AWS::Region}"
        }
      }
    },
    "354b0969863459520084b765a6e516f2f765c604a5acae45b416994c4b2f561e": {
      "source": {
        "path": "tscc-installation-stack-2.template.json",
        "packaging": "file"
      },
      "destinations": {
        "current_account-current_region": {
          "bucketName": "cdk-hnb659fds-assets-${AWS::AccountId}-${AWS::Region}",
          "objectKey": "354b0969863459520084b765a6e516f2f765c604a5acae45b416994c4b2f561e.json",
          "assumeRoleArn": "arn:${AWS::Partition}:iam::${AWS::AccountId}:role/cdk-hnb659fds-file-publishing-role-${AWS::AccountId}-${AWS::Region}"
        }
      }
    }
  },
  "dockerImages": {}
}