{
  "version": "22.0.0",
  "files": {
    "a88f9f77a1e0eab76c5cbe7077dfa183d56a20dc12d9e7d84a027e9303b820dc": {
      "source": {
        "path": "asset.a88f9f77a1e0eab76c5cbe7077dfa183d56a20dc12d9e7d84a027e9303b820dc.zip",
        "packaging": "file"
      },
      "destinations": {
        "current_account-current_region": {
          "bucketName": "cdk-hnb659fds-assets-${AWS::AccountId}-${AWS::Region}",
          "objectKey": "a88f9f77a1e0eab76c5cbe7077dfa183d56a20dc12d9e7d84a027e9303b820dc.zip",
          "assumeRoleArn": "arn:${AWS::Partition}:iam::${AWS::AccountId}:role/cdk-hnb659fds-file-publishing-role-${AWS::AccountId}-${AWS::Region}"
        }
      }
    },
    "0bace13abed073d3db65f074fcec7f730242cb64fcef26a804818a0d36111b15": {
      "source": {
        "path": "tscc-sso-stack.template.json",
        "packaging": "file"
      },
      "destinations": {
        "current_account-current_region": {
          "bucketName": "cdk-hnb659fds-assets-${AWS::AccountId}-${AWS::Region}",
          "objectKey": "0bace13abed073d3db65f074fcec7f730242cb64fcef26a804818a0d36111b15.json",
          "assumeRoleArn": "arn:${AWS::Partition}:iam::${AWS::AccountId}:role/cdk-hnb659fds-file-publishing-role-${AWS::AccountId}-${AWS::Region}"
        }
      }
    }
  },
  "dockerImages": {}
}