{
  "version": "22.0.0",
  "files": {
    "e6a70d49946933c44e7f4b02c4adaafe49058977fac8ce6b41bbaef56f256925": {
      "source": {
        "path": "asset.e6a70d49946933c44e7f4b02c4adaafe49058977fac8ce6b41bbaef56f256925",
        "packaging": "zip"
      },
      "destinations": {
        "current_account-current_region": {
          "bucketName": "cdk-hnb659fds-assets-${AWS::AccountId}-${AWS::Region}",
          "objectKey": "e6a70d49946933c44e7f4b02c4adaafe49058977fac8ce6b41bbaef56f256925.zip",
          "assumeRoleArn": "arn:${AWS::Partition}:iam::${AWS::AccountId}:role/cdk-hnb659fds-file-publishing-role-${AWS::AccountId}-${AWS::Region}"
        }
      }
    },
    "f8eb9338ed762fe72f7191e99aff6a7128dcbb1d5a33d27eeb506e7ac01c65cf": {
      "source": {
        "path": "asset.f8eb9338ed762fe72f7191e99aff6a7128dcbb1d5a33d27eeb506e7ac01c65cf",
        "packaging": "zip"
      },
      "destinations": {
        "current_account-current_region": {
          "bucketName": "cdk-hnb659fds-assets-${AWS::AccountId}-${AWS::Region}",
          "objectKey": "f8eb9338ed762fe72f7191e99aff6a7128dcbb1d5a33d27eeb506e7ac01c65cf.zip",
          "assumeRoleArn": "arn:${AWS::Partition}:iam::${AWS::AccountId}:role/cdk-hnb659fds-file-publishing-role-${AWS::AccountId}-${AWS::Region}"
        }
      }
    },
    "7f7654daa9119d24ccaf5329b57732da47ebe446f4f567fb30b17f20f75fd28a": {
      "source": {
        "path": "tscc-config-stack.template.json",
        "packaging": "file"
      },
      "destinations": {
        "current_account-current_region": {
          "bucketName": "cdk-hnb659fds-assets-${AWS::AccountId}-${AWS::Region}",
          "objectKey": "7f7654daa9119d24ccaf5329b57732da47ebe446f4f567fb30b17f20f75fd28a.json",
          "assumeRoleArn": "arn:${AWS::Partition}:iam::${AWS::AccountId}:role/cdk-hnb659fds-file-publishing-role-${AWS::AccountId}-${AWS::Region}"
        }
      }
    }
  },
  "dockerImages": {}
}